name,scholarship_type,eligible_region,description,eligibility,funding_amount,deadline,contact,application_url,source,url,data_quality_score,scrape_date
Scholarships,Merit-Based,Local,Entrance ScholarshipsScholarships for Continues StudentsNena DiriyaThis is offered to the student who ranks highest in the G.C.E (A/L) Mathematics or Commerce stream examination results in the country. The student will be eligible for a Full Tution fee waiver and a monthly stipend for the Academic Semester as a fulltime studentThe relevent student will be offered the Scholarship by the InstituteOutstanding Performance in Advanced Level Examination*3A* in Cambridge/Edexcel A/L OR 3As in local GC,N/A,N/A,N/A,,,SLIIT,https://www.sliit.lk/scholarships/,33.33,2025-11-23T09:57:38.751617
Nena Diriya,General,Unknown,The relevent student will be offered the Scholarship by the Institute,N/A,N/A,N/A,,,SLIIT,https://www.sliit.lk/scholarships/,33.33,2025-11-23T09:57:38.751758
Outstanding Performance in Advanced Level Examination*,Merit-Based,Unknown,"Application - Once enrolled, student is to contact the Student Services division with the details of the achievements.",N/A,N/A,N/A,,,SLIIT,https://www.sliit.lk/scholarships/,33.33,2025-11-23T09:57:38.751849
Outstanding Performance in Sports and Extra-curricular Activities in school*,Merit-Based,Unknown,"Application - Once enrolled, student is to contact the Student Services division with the details of the achievements.",N/A,N/A,N/A,,,SLIIT,https://www.sliit.lk/scholarships/,33.33,2025-11-23T09:57:38.751926
Virusara Priviledge*,General,Unknown,Application - at the point of enrollment,N/A,N/A,N/A,,,SLIIT,https://www.sliit.lk/scholarships/,33.33,2025-11-23T09:57:38.751999
Outstanding Performances in a Semester*,Merit-Based,Unknown,The relevent student will be offered the Scholarship by the Institute,N/A,N/A,N/A,,,SLIIT,https://www.sliit.lk/scholarships/,33.33,2025-11-23T09:57:38.752088
Outstanding Performances in Sports and Extra-curricular Activities in the undergraduate period*,Merit-Based,Unknown,"Application - Once enrolled, student is to contact the Student Services division with the details of the achievements.",N/A,N/A,N/A,,,SLIIT,https://www.sliit.lk/scholarships/,33.33,2025-11-23T09:57:38.752152
IFS – Merit-based Scholarships*,Merit-Based,Unknown,Eligible applications are called by the Faculty via the Courseweb,N/A,N/A,N/A,,,SLIIT,https://www.sliit.lk/scholarships/,33.33,2025-11-23T09:57:38.752219
LOLC – Scholarships for SLIIT Undergraduates*,General,Sri Lanka,Eligible applications are called by the Faculty via the Courseweb,N/A,N/A,N/A,,,SLIIT,https://www.sliit.lk/scholarships/,33.33,2025-11-23T09:57:38.752283
Phone,General,Unknown,+94 11 754 4801,N/A,N/A,N/A,,,SLIIT,https://www.sliit.lk/scholarships/,33.33,2025-11-23T09:57:38.752345
Email,General,Sri Lanka,info@sliit.lk,N/A,N/A,N/A,,,SLIIT,https://www.sliit.lk/scholarships/,33.33,2025-11-23T09:57:38.752387
Address,General,Unknown,"New Kandy Road, Malabe",N/A,N/A,N/A,,https://www.sliit.lk,SLIIT,https://www.sliit.lk/scholarships/,33.33,2025-11-23T09:57:38.752427
About SLIIT,General,Sri Lanka,AboutProgrammesFacilitiesContact Us,N/A,N/A,N/A,,https://www.sliit.lk/about/about-sliit/,SLIIT,https://www.sliit.lk/scholarships/,33.33,2025-11-23T09:57:38.752474
Main Events,General,Unknown,Main EventsMathfestCodefestRobofestSoft Skills+Brain BustersCareer WeekOther Events,N/A,N/A,N/A,,https://www.sliit.lk/annual-events/,SLIIT,https://www.sliit.lk/scholarships/,33.33,2025-11-23T09:57:38.752516
Student Life,Talent-Based,Unknown,Career Guidance and CounselingClubs & SocietiesStudent EventsStudent AccommodationsSports,N/A,N/A,N/A,,https://www.sliit.lk/student-life/career-guidance-and-counseling/,SLIIT,https://www.sliit.lk/scholarships/,33.33,2025-11-23T09:57:38.752561
Quick Links,General,Unknown,Guidelines for VisitorsStaff LoginStudent LoginCareersVirtual TourSitemap,N/A,N/A,N/A,,https://www.sliit.lk/guidelines-for-visitors/,SLIIT,https://www.sliit.lk/scholarships/,33.33,2025-11-23T09:57:38.752603
SUBSCRIBE OUR NEWSLETTER,General,Unknown,1Step 1Enter Your EmailSubmitPreviousNext,N/A,N/A,N/A,,http://www.weblankan.com/,SLIIT,https://www.sliit.lk/scholarships/,33.33,2025-11-23T09:57:38.752660
Copyright 2023 © SLIIT. All Rights Reserved. Concept designed and developed byWeb Lankan,General,Sri Lanka,,N/A,N/A,N/A,,http://www.weblankan.com/,SLIIT,https://www.sliit.lk/scholarships/,16.67,2025-11-23T09:57:38.752748
University Bursary (OUSL),Merit-Based,Sri Lanka,Award of 50% of tuition fee paid by student in previous academic year. A student may be awarded only in two academic years at different Levels of study program.,"* Student should have been registered for minimum 2 years programme * Must be registered for Level 4 or above in undergraduate programme * Minimum GPA of 2.0 in previous year (min 15 credits) * Gross family income < Rs 500,000/- * No disciplinary action should have been taken * Application with Grama Niladhari Certificate required",50% of tuition fee,Within 6 weeks from date of late registration,"Senior Assistant Registrar, Student Affairs & Welfare Division, The Open University of Sri Lanka, PO Box 21, Nawala, Nugegoda",https://ou.ac.lk/student-affairs-division/university-scholarships/,Open University Sri Lanka (OUSL),https://ou.ac.lk/student-affairs-division/university-scholarships/,100.0,2025-11-23T17:01:44.956117
Open University Enrollment Bursary,Grant/Bursary,Unknown,"Awarded to first year enrollment, essentially for economically disadvantaged students. Award value is 50% of tuition fees of courses registered in first year.","* Student must be registered for minimum 2 years programme starting at Level 3 * Annual gross family income < Rs 500,000/- * Must participate in continuous assessment and academic activities * No disciplinary action should have been taken * Grama Sewaka certificate required * Cannot obtain again if already received at diploma level",50% of tuition fees (first year only),Within 6 weeks from date of late registration,"Senior Assistant Registrar, Student Affairs & Welfare Division, The Open University of Sri Lanka, PO Box 21, Nawala, Nugegoda",https://ou.ac.lk/student-affairs-division/university-scholarships/,Open University Sri Lanka (OUSL),https://ou.ac.lk/student-affairs-division/university-scholarships/,100.0,2025-11-23T17:01:44.957303
Mahapola Scholarships (OUSL),Government,Sri Lanka,"Awarded by ""Mahapola Higher Education Scholarship Trust Fund"" to value of Rs. 8,000/- towards payment of tuition fees of courses.","* Must be registered for Level 4 in undergraduate programme (current year) * Minimum GPA of 2.0 in previous year (min 15 credits) * Not employed or engaged in other higher education * Age not exceeding 30 years * Parental income ceiling Rs. 300,000/- per annum * Student or sibling not already receiving Mahapola elsewhere * No disciplinary action taken * Grama Niladhari Certificate required",Rs. 8000,Within 6 weeks from date of late registration,"Senior Assistant Registrar, Student Affairs & Welfare Division, The Open University of Sri Lanka, PO Box 21, Nawala, Nugegoda",https://ou.ac.lk/student-affairs-division/university-scholarships/,Open University Sri Lanka (OUSL),https://ou.ac.lk/student-affairs-division/university-scholarships/,100.0,2025-11-23T17:01:44.957668
Mahapola Scholarships at Open University of Sri Lanka,Merit-Based,Sri Lanka,Interested candidates are invited to apply for the Mahapola Scholarships at the Open University of Sri Lanka for the academic year 2021-2022. The program is designed to support ambitious aspirants who are going to pursue abachelor’sdegree programme at the university. Summary,Application Deadline: Open Brief Description University or Organization: Open University of Sri Lanka Department: NA Course Level: Undergraduate Award: Minimum Rs 8000 Number of Awards: Up to 400 Acc,N/A,N/A,for the Mahapola Scholarships at the Open University of Sri Lanka for the academic year 2021-2022.,https://scholarship-positions.com/mahapola-scholarships-at-open-university-of-sri-lanka/2021/08/09/,Scholarship Positions,https://scholarship-positions.com/category/sri-lanka-scholarships/,66.67,2025-11-23T16:14:29.226711
"Scholarship Programme at Eastern Polytechnic, Sri Lanka",Merit-Based,Sri Lanka,Apply for admission at the Eastern Polytechnic and get a chance to fund your study with the scholarship programme for the academic year 2021-2022. The bursary aims to support students commencing in theundergraduatedegree programme at Eastern Polytechnic. Summary,Application Deadline: Open Brief Description University or Organization: Eastern Polytechnic Department: NA Course Level: Undergraduate Award: Educational fund Number of Awards: NA Access Mode: Onlin,N/A,N/A,for admission at the Eastern Polytechnic and get a chance to fund your study with the scholarship pr,https://scholarship-positions.com/scholarship-programme-at-eastern-polytechnic-sri-lanka/2021/06/05/,Scholarship Positions,https://scholarship-positions.com/category/sri-lanka-scholarships/,66.67,2025-11-23T16:14:45.194703
President’s Scholarships Scheme in Sri Lanka,Merit-Based,Sri Lanka,Get financial support to start your academic journey inSri Lanka! The Government of Sri Lanka is providing a chance to apply for the President’s Scholarships for deserving students. The sponsorship programme supports low-income families students who have passed G.C.E. with distinction and want to apply for any degree coursework for the session 2020-2021. Summary,Application Deadline: Open Brief Description University or Organization: The Government of Sri Lanka Department: NA Course Level: Any Award: Educational fund and other funds Access Mode: Online Numbe,N/A,N/A,for the President’s Scholarships for deserving students.,https://scholarship-positions.com/presidents-scholarships-scheme-in-sri-lanka/2020/09/04/,Scholarship Positions,https://scholarship-positions.com/category/sri-lanka-scholarships/,66.67,2025-11-23T16:14:56.532565
Ranaviru Pranama Scholarships Scheme at Skills College of Technology in Sri Lanka,Need-Based,Sri Lanka,Do you need funding to support your study inSri Lanka? Then you are at the right place! Skills College of Technology is providing the Ranaviru Pranama Scholarships Scheme for the year 2020. The opportunity is available for those brilliant students who want to apply for any degree coursework at the college. Summary,Application Deadline: Open Brief Description University or Organization: Skills College of Technology Department: NA Course Level: Any Award: 20% of tuition fee Number of Awards: NA Access Mode: Onl,Award: 20,N/A,for any degree coursework at the college.,https://scholarship-positions.com/ranaviru-pranama-scholarships-scheme-at-skills-college-of-technology-in-sri-lanka/2020/09/04/,Scholarship Positions,https://scholarship-positions.com/category/sri-lanka-scholarships/,83.33,2025-11-23T16:15:09.276529
Dialog Foundation Scholarships in Sri Lanka,Need-Based,Sri Lanka,Get your undergraduate degree inSri Lanka! Applications are exclusively open for the Dialog Foundation Scholarships to high-potential students in Sri Lanka. The scholarship provides financial support for Sri Lankan students who want to undertake theundergraduatedegree program at any university in the home country. Summary,Course Level: Undergraduate Award: Financial assistance Number of Awards: NA Access Mode: Online Nationality: Citizens of Sri Lanka The award can be taken in Sri Lanka Eligibility Eligible Co,N/A,N/A,"How to Apply: To apply for the award, aspirants must have to take admission in the undergraduate deg",https://scholarship-positions.com/dialog-foundation-scholarships-in-sri-lanka/2020/05/27/,Scholarship Positions,https://scholarship-positions.com/category/sri-lanka-scholarships/,66.67,2025-11-23T16:15:21.472789
"Postgraduate Scholarships for Sri Lankan Students in India, 2020",Merit-Based,Sri Lanka,"To encourage the education of Sri Lankan students inIndia, Government of India is offering the postgraduate scholarships for the academic session 2020-21. The educational award is accessible for Sri Lankan candidates who are going to take part in themastersandPhDdegree program at the host university. Summary","Application Deadline: June 1, 2020 Brief Description University or Organization: Government of India Department: NA Course Level: Masters and PhD Award: Allowance, tuition and others Number of Awards",N/A,N/A,"How to Apply: To participate in the program, aspirants must have to download the application form an",https://scholarship-positions.com/postgraduate-scholarships-for-sri-lankan-students-in-india/2020/05/27/,Scholarship Positions,https://scholarship-positions.com/category/sri-lanka-scholarships/,66.67,2025-11-23T16:15:32.905391
"Prima Ceylon Scholarship for Sri Lankan Students at Singapore Management University, 2024",Merit-Based,Sri Lanka,Get financial support to start your academic journey inSingapore. The Singapore Management University is giving an opportunity to apply for the Prima Ceylon Scholarship. The funding program is available for Sri Lankan students. The scholarship encourages motivated students who wish to undertakeundergraduatedegree coursework in Singapore. Summary,"Application Deadline: May 31, 2024 Brief Description University or Organization: Singapore Management University Department: NA Course Level: Undergraduate Awards: $22,500 Access Mode: Online Number",N/A,N/A,for the Prima Ceylon Scholarship. The funding program is available for Sri Lankan students.,https://scholarship-positions.com/prima-ceylon-scholarship-for-sri-lankan-students-at-singapore-management-university/2020/04/27/,Scholarship Positions,https://scholarship-positions.com/category/sri-lanka-scholarships/,66.67,2025-11-23T16:16:12.158224
"Scholarship Program at Royal College, Sri Lanka",Merit-Based,Sri Lanka,"Scholarships help strengthen your academic and career goals by removing financial barriers. To cover study expense, the Royal College is offering the Scholarship Program in Sri Lanka. The award is accessible for domestic students who are going to start a senior-secondary program at the college. Summary",Application Deadline: Open Brief Description University or Organization: Royal College Department: NA Course Level: Senior-secondary Award: Educational fund Number of Awards: NA Access Mode: Online N,N/A,N/A,"How to Apply: For being considered for the opportunity, applicants have to take admission in the sen",https://scholarship-positions.com/scholarship-program-at-royal-college-sri-lanka/2020/04/17/,Scholarship Positions,https://scholarship-positions.com/category/sri-lanka-scholarships/,66.67,2025-11-23T16:16:24.134144
Bursary Scholarships at Wayamba University of Sri Lanka,Need-Based,Sri Lanka,"Do you want to reach your educational goals while maximizing your financial aid? If so, then you can join the Bursary Scholarships program at the Wayamba University of Sri Lanka. The program is open for Sri Lankan candidates who want to apply for theundergraduatedegree program at the university inSri Lanka. Summary",4000 Number of Awards: NA Access Mode: Online Nationality: Domestic The award can be taken in Sri Lanka Eligibility Eligible Countries: Sri Lanka,N/A,N/A,for the undergraduate degree program at the university in Sri Lanka.,https://scholarship-positions.com/bursary-scholarships-at-wayamba-university-of-sri-lanka/2020/04/17/,Scholarship Positions,https://scholarship-positions.com/category/sri-lanka-scholarships/,66.67,2025-11-23T16:16:37.447706
"High-Achievers Scholarships at Skills College of Technology, Sri Lanka",Need-Based,Sri Lanka,Getting an educational fund to take away all your financial concerns. The Skills College of Technology is dispensing High-Achievers Scholarships for talented students. The program is exclusively open for domestic students who want to start theundergraduatedegree program at the university inSri Lanka. Summary,Application Deadline: Open for 2020 Brief Description University or Organization: Skills College of Technology Department: NA Course Level: Bachelors Award: 25% to100% Number of Awards: NA Access Mod,Award: 25,N/A,"How to Apply: For being considered for the award, candidates are advised to take admission in the ba",https://scholarship-positions.com/high-achievers-scholarships-at-skills-college-of-technology-sri-lanka/2020/04/17/,Scholarship Positions,https://scholarship-positions.com/category/sri-lanka-scholarships/,83.33,2025-11-23T16:16:49.988759
"University Scholarships at University of Peradeniya, Sri Lanka",Need-Based,Sri Lanka,Get financial support to start your educational journey in Sri Lanka by applying for the University Scholarships provided by the University of Peradeniya. The scholarship will be granted to those domestic applicants who want to take part in theundergraduatedegree program inSri Lanka. Summary,a Number of Awards: Three Access Mode: Online Nationality: Citizens of Sri Lanka The award can be taken in Sri Lanka Eligibility Eligible Countries: Sri Lanka,Rs. 1200.00,N/A,"How to Apply: For grasping the opportunity, students are required to enrol in the undergraduate degr",https://scholarship-positions.com/university-scholarships-at-university-of-peradeniya-sri-lanka/2020/04/17/,Scholarship Positions,https://scholarship-positions.com/category/sri-lanka-scholarships/,83.33,2025-11-23T16:17:03.709890
Informatics Institute of Technology Awards in Sri Lanka,Merit-Based,Sri Lanka,Informatics Institute of Technology is delighted to offer bursaries for talented students to support in their higher studies for the academic year 2020-2021. This program assists those Sri Lankan students who want to commence in theundergraduatedegree coursework at IIT inSri Lanka. Summary,"Application Deadline: February 29, 2020 Brief Description University or Organization: The Informatics Institute of Technology (IIT) Department: NA Course Level: Undergraduate degree coursework Award:",Award: 100,N/A,"How to Apply: For grasping the opportunity, aspirants are mandatory to take admission in the undergr",https://scholarship-positions.com/informatics-institute-of-technology-awards-in-sri-lanka/2020/02/25/,Scholarship Positions,https://scholarship-positions.com/category/sri-lanka-scholarships/,83.33,2025-11-23T16:17:16.236741
University of Peradeniya Hayleys Award in Sri Lanka,Merit-Based,Sri Lanka,The University of Peradeniya is welcoming the high-performing students to apply for Hayleys Award for the academic year 2020-2021. The award is open for those Sri Lankan students who wish to study a special degree program inchemistryscience on the basis of the general qualifying examination. Summary,800 Access Mode: Online Number of Awards: Not known Nationality: Domestic The prize can be taken in Sri Lanka Eligibility Eligible Countries: Sri Lanka students can participate in this program,Rs. 800,N/A,for Hayleys Award for the academic year 2020-2021.,https://scholarship-positions.com/university-of-peradeniya-hayleys-award-in-sri-lanka/2020/02/25/,Scholarship Positions,https://scholarship-positions.com/category/sri-lanka-scholarships/,83.33,2025-11-23T16:17:27.856140
"Academic Scholarships at Uva Wellassa University, Sri Lanka",Merit-Based,Sri Lanka,The Uva Wellassa University is accepting applications for its Academic Scholarships. The university offers two types of scholarships such as Chancellor’s Scholarship and Mahapola and Bursary. Thesescholarshipsare offered to students who are truly in need of financial support. These are available only for Sri Lanka students. Summary,"1500/= per month Access Mode: Online Number of Awards: NA Nationality: Sri Lanka students The program can be taken, Sri Lanka Eligibility Eligible Countries: Sri Lanka students are eligible to apply",Rs. 150,N/A,"for both financial supporting schemes giving necessary information such as student’s family income,",https://scholarship-positions.com/academic-scholarships-at-uva-wellassa-university-sri-lanka/2019/12/26/,Scholarship Positions,https://scholarship-positions.com/category/sri-lanka-scholarships/,83.33,2025-11-23T16:17:39.801115
"University of Sri Jayewardenepura Admission Scholarships, Sri Lanka",Need-Based,Sri Lanka,"Want to be financially secure for your study needs? Good News! The University of Sri Jayewardenepura is pleased to announce its Admission Scholarships. Each year, the university of SJP makes available a limited number of scholarships for international students. Summary",Application Deadline: Applications are open Brief Description University or Organization: University of Sri Jayewardenepura Department: NA Course Level: Any degree programs Award: Tuition waiver Acces,N/A,N/A,"How to apply: To be considered for a scholarship, a student should indicate it on the application fo",https://scholarship-positions.com/university-of-sri-jayewardenepura-admission-scholarships-sri-lanka/2019/12/26/,Scholarship Positions,https://scholarship-positions.com/category/sri-lanka-scholarships/,66.67,2025-11-23T16:17:52.438155
"Vice Chancellor´s and Dean´s Awards at University of Ruhuna, Sri Lanka",Merit-Based,Sri Lanka,"Do you want to apply for the latest scholarship in Sri Lanka? If so, the University of Ruhuna is delighted to offer its Vice Chancellor´s and Dean´s Awards. The study award will be awarded annually to the students with the best overall performances in each Faculty under the approved marking scheme. Summary","00 Access Mode: Online Number of Awards: NA Nationality: Domestic and International students The program can be taken, Sri Lanka Eligibility Eligible Countries: Domestic and International students are",Rs. 10,N/A,"for the latest scholarship in Sri Lanka? If so, the University of Ruhuna is delighted to offer its V",https://scholarship-positions.com/vice-chancellors-and-deans-awards-at-university-of-ruhuna-sri-lanka/2019/12/26/,Scholarship Positions,https://scholarship-positions.com/category/sri-lanka-scholarships/,83.33,2025-11-23T16:18:04.143773
"University of Moratuwa Scholarships in Sri Lanka, 2020",Merit-Based,Sri Lanka,The University of Moratuwa is pleased to offer its Scholarships for the academic year 2020-2021. There are two scholarships available through financial support from Millennium Information Technologies (Pvt) Ltd (MIT). The scholarship program is available for only Sri Lanka students. These scholarships are funded through industry collaborations. Summary,Application Deadline: Applications are open Brief Description University or Organization: University of Moratuwa Department: Department of Computer Science and Engineering Course Level: Undergraduate,N/A,N/A,"How to apply: To participate, the applicants need to take admission to the university. After taking",https://scholarship-positions.com/university-of-moratuwa-scholarships-in-sri-lanka/2019/12/26/,Scholarship Positions,https://scholarship-positions.com/category/sri-lanka-scholarships/,66.67,2025-11-23T16:18:16.504936
DAAD In-Region Scholarship Programme South Asia for Master and PhD studies at IIT Bombay,General,Sri Lanka,"To make your education more affordable, DAAD invites applications for In-Region Scholarship Programme South Asia for Master and PhD studies at IIT Bombay. They offer an opportunity to the students from Bangladesh, Bhutan, Nepal and Sri Lanka to pursue Master’s and PhD studies in the field of Engineering, Renewable Energy, Climate Change, Public Health or Good Governance at IIT Bombay. Summary",Application Deadline: 15 January 2020 Brief Description University or Organization: DAAD Department: NA Course Level: Master and PhD studies Award: Varies Access Mode: Online Number of Awards: Varies,N/A,15 January 2020,for this scholarship.,https://scholarship-positions.com/daad-in-region-scholarship-programme-south-asia-for-master-and-phd-studies-at-iit-bombay/2019/12/14/,Scholarship Positions,https://scholarship-positions.com/category/sri-lanka-scholarships/,83.33,2025-11-23T16:18:27.944052
"JAPURA Scholarship Awards in Sri Lanka, 2020",Need-Based,Sri Lanka,"Do you want to take part in an undergraduate program in Sri Lanka? If yes, then you have a chance to apply for the JAPURA Scholarship Awards for 2020. Thisscholarshipscheme provides financial assistance to needystudentswho study for an undergraduate degree at the University of Sri Jayewardenepura. Summary","Application Deadline: 31 December 2019 Brief Description University or Organization: University of Sri Jayewardenepura Department: NA Course Level: Undergraduate degree Award: LKR25,000 Access Mode: O",Rs. 25000,31 December 2019,for the JAPURA Scholarship Awards for 2020.,https://scholarship-positions.com/japura-scholarship-awards-in-sri-lanka/2019/11/12/,Scholarship Positions,https://scholarship-positions.com/category/sri-lanka-scholarships/,100.0,2025-11-23T16:18:40.709216
"United World Colleges Scholarship in Sri Lanka, 2020",General,Sri Lanka,"If you have a passion for learning, then this United World Colleges Scholarship opportunity will be a glory fortune for you. The funded education is available for the only Citizen ofSri Lankawho must have completed GCE Ordinary Levels or equivalent prior to September 2018 and not yet entered a bachelors’ degree program or similar. Summary",Application Deadline: Open for 2020 entry Brief Description University or Organization: UWC Sri Lanka Department: NA Course Level: Undergraduate degree Award: Varies Access Mode: Online Number of Awar,N/A,N/A,for this scholarship.,https://scholarship-positions.com/united-world-colleges-scholarship-in-sri-lanka/2019/11/12/,Scholarship Positions,https://scholarship-positions.com/category/sri-lanka-scholarships/,66.67,2025-11-23T16:18:52.911140
Pathway Fee Scholarship at UTS Insearch in Sri Lanka,General,Sri Lanka,"Let’s make your 2019 year to win a study fund to pay for your studies in Sri Lanka by applying for the Pathway Fee Scholarship at UTS Insearch. For this study program, applicants must be complete their diploma in Sri Lanka and progress to UTS you will be eligible for the Pathway Fee Credit. Summary","For this study program, applicants must be complete their diploma in Sri Lanka and progress to UTS you will be eligible for the Pathway Fee Credit",Rs. 2500,N/A,for this scholarship.,https://scholarship-positions.com/pathway-fee-scholarship-at-uts-insearch-in-sri-lanka/2019/11/12/,Scholarship Positions,https://scholarship-positions.com/category/sri-lanka-scholarships/,83.33,2025-11-23T16:19:05.501074
"FGS Scholarships at Sabaragamuwa University of Sri Lanka, 2020",Grant/Bursary,Sri Lanka,"Make positive plans for your future with a scholarship. Here, The Sabaragamuwa University of Sri Lanka is awarding Scholarships for the highly motivated Sri Lankan aspirants. The grant is available for those eligible candidates who wish to pursue themaster’sdegree coursework at the university. Summary",The grant is available for those eligible candidates who wish to pursue the master’s degree coursework at the university,N/A,N/A,"How to Apply: If you want to join this program, then you are required to be enrolled in the master’s",https://scholarship-positions.com/fgs-scholarships-at-sabaragamuwa-university-of-sri-lanka/2019/09/20/,Scholarship Positions,https://scholarship-positions.com/category/sri-lanka-scholarships/,66.67,2025-11-23T16:19:16.750289
"PATHE Global Campus AUP Scholarships in Sri Lanka, 2020",Need-Based,Sri Lanka,"With the objective of encouraging and financial support to the deserving candidates, PATHE Global Campus is offering AUP Scholarships inSri Lanka. The program is open for those brilliant aspirants from Sri Lanka who will commence in theundergraduatedegree coursework at any university or college in Sri Lanka. Summary","1,000,000/- Access Mode: Online Number of Awards: Not known Nationality: Sri Lankan students The award can be taken in Sri Lanka Eligibility Eligible Countries: Students from Sri Lanka Acceptable Co",Rs. 1000000,N/A,to the program? The program is a great platform for student who demonstrates financial need to compl,https://scholarship-positions.com/pathe-global-campus-aup-scholarships-in-sri-lanka/2019/09/20/,Scholarship Positions,https://scholarship-positions.com/category/sri-lanka-scholarships/,83.33,2025-11-23T16:19:28.751185
"Buddhist & Pali University Mahapola Scholarships in Sri Lanka, 2019",Merit-Based,Sri Lanka,"High performing Sri Lankan aspirants are invited to apply for the Mahapola Scholarships at the Buddhist & Pali University inSri Lankafor the academic year 2019-2020. The program is funded by the Ministry of Trade, Commerce and Consumer Affairs. Scholarships are available for pursuing theundergraduatedegree coursework at the university. Summary",Application Deadline: Applications are open Brief Description University or Organization: Ministry of Trade Commerce and Consumer Affairs of Sri Lanka Department: NA Course Level: Bachelor degree Awa,Award: 400,N/A,for the Mahapola Scholarships at the Buddhist & Pali University in Sri Lanka for the academic year 2,https://scholarship-positions.com/buddhist-pali-university-mahapola-scholarships-in-sri-lanka/2019/08/09/,Scholarship Positions,https://scholarship-positions.com/category/sri-lanka-scholarships/,83.33,2025-11-23T16:19:40.702169
"Granting Undergraduate Scholarships for Vietnam Students in Sri Lanka, 2019",Grant/Bursary,Sri Lanka,"The Ministry of City Planning, Water Supply, and Higher Education is offering the Granting Undergraduate Scholarship programs for higher studies inSri Lanka. The main purpose of this educational program is to encourage the citizens ofVietnamin order to start theirundergraduatestudies at any Sri Lankan university. Summary","Brief Description University or Organization: The Ministry of City Planning, Water Supply, and Higher Education Department: NA Course Level: Undergraduate Award: LKR 40, 000 Access Mode: Offline Numb",Rs. 40,N/A,for admission to Universities in Sri Lanka.,https://scholarship-positions.com/granting-undergraduate-scholarships-for-vietnam-students-in-sri-lanka/2019/08/06/,Scholarship Positions,https://scholarship-positions.com/category/sri-lanka-scholarships/,83.33,2025-11-23T16:19:53.500592
"Government of Oman Scholarships for Sri Lankan Students, 2019",Grant/Bursary,Sri Lanka,"If you are a student from Sri Lanka and looking for awards, then you will be pleased to know that the Government of Oman is offering scholarships for the brilliant Sri Lankan students. The grant is open for those eligible candidates, who wish to pursueundergraduatedegree coursework at one of the higher education institutes that has been recommended for this grant. Summary","The grant is open for those eligible candidates, who wish to pursue undergraduate degree coursework at one of the higher education institutes that has been recommended for this grant",N/A,N/A,to this program? The program gives candidates the opportunity to grow and expand their abilities thr,https://scholarship-positions.com/government-of-oman-scholarships-for-sri-lankan-students/2019/07/03/,Scholarship Positions,https://scholarship-positions.com/category/sri-lanka-scholarships/,66.67,2025-11-23T16:20:04.551013
"Queen Elizabeth Commonwealth Scholarships for International Students in Sri Lanka, 2019",General,Sri Lanka,"International students should not miss the golden opportunity to participate in the Queen Elizabeth Commonwealth Scholarships program in Sri Lanka. The fully-funded award is available for the candidates of Commonwealth countries, who are looking for a chance to pursue amaster’sdegree program inSri Lanka. Summary","Application Deadline: June 26, 2019 Eligibility Eligible Countries: Except for Sri Lanka, applicants from other Commonwealth countries are acceptable (includes South Africa)",N/A,N/A,for a research master’s degree program at any subjects offered by the participating universities.,https://scholarship-positions.com/queen-elizabeth-commonwealth-scholarships-for-international-students-in-sri-lanka/2019/06/01/,Scholarship Positions,https://scholarship-positions.com/category/sri-lanka-scholarships/,66.67,2025-11-23T16:20:16.330967
"The NCHS Academic Excellence Scholarship in Sri Lanka, 2020",Merit-Based,Sri Lanka,Having a desire to pursue your career with an education award? Good News! Nawaloka College of Higher Studies is pleased to provide the NCHS Academic Excellence Scholarship for brilliant students. The purpose of this fund is to recognize students with outstanding academic achievements and help them successfully complete the Swinburne pathway programs – Foundation Year and diploma. Summary,"Application Deadline: February 7, 2020 Eligibility Eligible Countries: Citizens from Sri Lanka and all around the world Acceptable Course or Subjects: Foundation Year and diploma Admissible Criteria:",N/A,N/A,for the first Semester of full-time study at NCHS.,https://scholarship-positions.com/the-nchs-academic-excellence-scholarship-in-sri-lanka/2019/05/22/,Scholarship Positions,https://scholarship-positions.com/category/sri-lanka-scholarships/,66.67,2025-11-23T16:20:27.877451
"SLCSF Scholarships in Sri Lanka, 2019",Merit-Based,Sri Lanka,"Sri Lanka – Canada Scholarship Foundation is offering scholarships to financially disadvantaged students in Sri Lanka, who continually demonstrate academic excellence. The main purpose of this program is to provide an advanced education by giving financial support and educational material to brilliant students in Sri Lanka, who are studying in grades 12 and 13. Summary","Application Deadline: June 15, 2019 Eligibility Eligible Countries: Citizens from Sri Lanka Acceptable Course or Subjects: Higher Secondary School Admissible Criteria: To be eligible for this grant,",N/A,N/A,"to this program? The program gives a great opportunity for those candidates, who have financial disa",https://scholarship-positions.com/slcsf-scholarships-in-sri-lanka/2019/05/22/,Scholarship Positions,https://scholarship-positions.com/category/sri-lanka-scholarships/,66.67,2025-11-23T16:20:39.890314
"AMDT Creative Scholarships for International Students in Sri Lanka, 2019",General,Sri Lanka,"With the aiming of promoting creative educational enrichment, the AMDT, School of Creativity is offering Scholarships for the high performing students. The call is open for applicants from Sri Lanka and all around the world, who wish to study any one of the degree-level qualifications offered at AMDT. Summary","Application Deadline: August 31, 2019 Eligibility Eligible Countries: Citizens from Sri Lanka and all around the world Acceptable Course or Subjects: Any degree-level qualifications offered by AMDT A",N/A,N/A,"How to apply: For joining this program, claimants need to be registered at any degree level at AMDT.",https://scholarship-positions.com/amdt-creative-scholarships-in-sri-lanka/2019/05/22/,Scholarship Positions,https://scholarship-positions.com/category/sri-lanka-scholarships/,66.67,2025-11-23T16:20:51.381806
"Japanese Government Postgraduate Research Scholarships for Citizens of Sri Lanka, 2020",Grant/Bursary,Sri Lanka,"Are you gazing for an opportunity to study in abroad? Here is a possibility to complete your dream! The Government of Japan is offering a golden opportunity to participate in the Postgraduate Research Scholarships. Citizens of Sri Lanka have an opportunity to study abroad inJapan. This bursary is available for those excellent students who want to pursueresearch,mastersor adoctoraldegree level program and create a bright future in their chosen field. Summary","Application Deadline: June 10, 2019 Eligibility Eligible Countries: Citizens of Sri Lanka are able to apply",N/A,N/A,"in one of the research, masters or a doctoral degree program in any field.",https://scholarship-positions.com/japanese-government-postgraduate-research-scholarships-for-citizens-of-sri-lanka/2019/05/18/,Scholarship Positions,https://scholarship-positions.com/category/sri-lanka-scholarships/,66.67,2025-11-23T16:21:04.176982
"Western Sydney International Bursary for Undergraduate or Postgraduate Courses in Australia, 2019",Talent-Based,International,"Applications are open for the Western Sydney International Bursary at the Western Sydney University. This bursary is open to international students enrolling in undergraduate or postgraduate courses in 2019. The Bursary is valued at $3,000 and will be granted as a one-off contribution towards tuition fees. It does not cover costs associated living expenses, accommodation, transport, overseas student health cover or other costs associated with the study. The Western Sydney University has been nam","Access Mode: online Numbers of Award: Not KNown Nationality: Bangladesh, Cambodia, Hong Kong, Indonesia, Japan, Laos, Malaysia, Mongolia, Myanmar, Pakistan, Philippines, Singapore, South Korea, Sri La",N/A,N/A,How to Apply: No application is necessary. All new applications for admission will be automatically,https://scholarship-positions.com/western-sydney-international-bursary-undergraduate-postgraduate-courses-australia/2018/10/31/,Scholarship Positions,https://scholarship-positions.com/category/sri-lanka-scholarships/,66.67,2025-11-23T16:21:15.573304
"CAORC Research Fellowships for US and Foreign Nationals, 2018-2019",Merit-Based,International,"The Council of American Overseas Research Centers is now accepting applications for The NEH Senior Research Fellowship Program and CAORC Multi-Country Research Fellowship for the 2018-19 academic year. This fellowship is available for US and Foreign nationals. Founded in 1981, the Council of American Overseas Research Centers (CAORC) is a private nonprofit federation of independent overseas research centers (ORCs) that promote advanced research, particularly in the humanities and social sciences",Eligibility for the Scholarship Eligible Countries: This fellowship is available for US and Foreign nationals,N/A,N/A,CAORC NEH Senior Research Fellowship,https://scholarship-positions.com/caorc-research-fellowships-us-foreign-nationals/2018/09/11/,Scholarship Positions,https://scholarship-positions.com/category/sri-lanka-scholarships/,66.67,2025-11-23T16:21:26.781334
"RMIT University India and Sri Lanka Pathways Scholarship, 2018-2019",General,Sri Lanka,"RMIT University is offering India and Sri Lanka Pathways Scholarship. The scholarship is available for international students. Indian or Sri Lanka citizen applying for credit transfer from any of the below eligible pathway partners into RMIT Undergraduate program. The scholarship will contribute AU$5,000 per year towards the annual tuition fee of the program, for a maximum of two years or total $10,000. One of Australia’s original tertiary institutions, RMIT University enjoys an international re",Indian or Sri Lanka citizen applying for credit transfer from any of the below eligible pathway partners into RMIT Undergraduate program,N/A,N/A,for this scholarship.,https://scholarship-positions.com/rmit-university-india-and-sri-lanka-pathways-scholarship-2018-2019/2018/09/01/,Scholarship Positions,https://scholarship-positions.com/category/sri-lanka-scholarships/,66.67,2025-11-23T16:21:38.568584
"Eight Fully-funded Masters Scholarships to Study in a Commonwealth Country, 2018",Need-Based,Unknown,"The Association of Commonwealth Universities is offering eight Commonwealth Masters Scholarships to allow successful applicants to study in a Commonwealth country. The University of York is a collegiate plate glass research university located in the city of York, England. Established in 1963, the campus university has expanded to more than thirty departments and centres, covering a wide range of subjects. If English is not your first language then you will need to show that your English language",Nationalities: Citizens of a Commonwealth country are eligible to apply,N/A,N/A,The mode of applying is online.,https://scholarship-positions.com/eight-fully-funded-masters-scholarships-university-of-york-uk/2018/06/19/,Scholarship Positions,https://scholarship-positions.com/category/sri-lanka-scholarships/,66.67,2025-11-23T16:21:51.387692
"OWSD PhD Fellowships for Women Scientists from Science and Technology Lagging Countries, 2019",General,Unknown,"­ Organization for Women in Science for the Developing World (OWSD) is pleased to announce Ph.D. Fellowships for Women Scientists from Science and Technology Lagging Countries to contribute to the emergence of a new generation of women leaders in science and technology. The Fellowship is offered to women scientists from Science and Technology Lagging Countries (STLCs) to undertake Ph.D. research in the Natural, Engineering and Information Technology sciences at a host institute in the South.","Eligibility for the Scholarship: Eligible Countries: Afghanistan, Angola, Bangladesh, Benin, Bhutan, Bolivia, Burkina Faso, Burundi, Cambodia, Cameroon, Central African Rep",N/A,N/A,"To apply, the applicants must submit an online application through the link: http://onlineforms.twas",https://scholarship-positions.com/owsd-phd-fellowships-for-women-scientists-from-science-and-technology-lagging-countries/2018/04/26/,Scholarship Positions,https://scholarship-positions.com/category/sri-lanka-scholarships/,66.67,2025-11-23T16:22:05.717103
"International Baccalaureate (IB) Scholarship for South Asian Students in Australia, 2019",General,Sri Lanka,"The University of Technology Sydney is inviting applications for International Baccalaureate (IB) Scholarships. These scholarships are open to the citizen of a country in the South Asia region (Bangladesh, Nepal, India, Pakistan and Sri Lanka). This Scholarship was established by UTS to attract top achieving commencing international students who are completing the International Baccalaureate (IB) Diploma qualification from South Asia and are enrolling in an undergraduate program at UTS in Sydney","Scholarship can be taken in Australia Eligibility for the Scholarship: Eligible Countries: Citizen of a country in the South Asia region (Bangladesh, Nepal, India, Pakistan and Sri Lanka) are eligib",N/A,N/A,"for the Scholarship, an applicant must meet all of the following criteria:",https://scholarship-positions.com/international-baccalaureate-ib-scholarship-south-asian-students-australia/2018/03/06/,Scholarship Positions,https://scholarship-positions.com/category/sri-lanka-scholarships/,66.67,2025-11-23T16:22:21.332743
"Dean of Law’s Merit Scholarships at University of Tasmania in Australia, 2020",Merit-Based,Sri Lanka,"The Dean of Law’s Merit Scholarship is the most prestigious law scholarship available to international students at the University of Tasmania. The University of Tasmania (UTAS) is a public research university primarily located in Tasmania, Australia. Officially founded in 1890, it was the fourth university to be established in Australia, although Christ College, which became affiliated with the university in 1929, was established in 1846 and remains the oldest form of higher education in the cou","Scholarship can be taken in Australia Eligibility for the Scholarship: Eligible Countries: International students from India, Malaysia, Singapore and Sri Lanka are eligible to apply",N/A,13 October 2019,To apply applicants need to fill in the application form.,https://scholarship-positions.com/dean-laws-merit-scholarships-university-tasmania-australia/2018/02/27/,Scholarship Positions,https://scholarship-positions.com/category/sri-lanka-scholarships/,83.33,2025-11-23T16:22:33.901139
"LLM Scholarships for Master Degree Programme at University of London in UK, 2020",General,Sri Lanka,"The University of London offers Up to 18 LLM Scholarship for the students of Malaysia, Pakistan, Sri Lanka, Ghana, Nigeria or Russia. These scholarships worth the value of four modules (a quarter of the LLM degree). The aim of the scholarships is to encourage the study of Law. The University of London is a collegiate and a federal research university located in London, England. The University was incorporated originally by royal charter in 1836 and is, at present, incorporated by a royal charter","Scholarship can be taken in the UK Eligibility for the Scholarship: Eligible Countries: Malaysia, Pakistan, Sri Lanka, Ghana, Nigeria or Russia Entrance Requirements: Applicants must meet followin",N/A,28 February 2020,via online mode.,https://scholarship-positions.com/llm-scholarships-university-london-uk/2018/02/03/,Scholarship Positions,https://scholarship-positions.com/category/sri-lanka-scholarships/,83.33,2025-11-23T16:22:49.952337
Clark Graduate Bursary Fund for International Students at University of Glasgow in UK,Grant/Bursary,International,"The University of Glasgow now wishes to invite applicants for its Clark (Mile-End) Graduate Bursary Fund to pursue undergraduate, postgraduate, PhD and postgraduate research programmes. The aim of the bursary is to support graduates of the University of Glasgow or Strathclyde studying for, or applying to study for, a subsequent degree at a university in the UK or abroad. The University of Glasgow (Scottish Gaelic: Oilthigh Ghlaschu, Latin: Universitas Glasguensis) (abbreviated as Glas. in post-n","Nationality: Applicants from Afghanistan, Albania, Algeria, Andorra ,Angola, Antigua and Barbuda, Argentina, Armenia, Australia, Austria, Azerbaijan, Bahamas, Bahrain, Bangladesh, Barbados, Belarus, B",N/A,N/A,for the bursary.,https://scholarship-positions.com/clark-raduate-bursary-fund-international-students-university-of-glasgow-uk/2017/12/20/,Scholarship Positions,https://scholarship-positions.com/category/sri-lanka-scholarships/,66.67,2025-11-23T16:23:12.047924
"East Asian Circle of Applied Technology Graduate Scholarship in Japan, 2018",Merit-Based,International,"­Applications are invited for East Asian Circle of Applied Technology Foundation Scholarship for International Asian Students at the University of Tokyo in Japan. Scholarships are available to pursue graduate degree programme. The University of Tokyo abbreviated as Todai or UTokyo, is a public research university located in Bunkyo, Tokyo, often cited as the most prestigious university in Japan. Academic Ranking of World Universities ranked the University of Tokyo 1st in Asia and 20th in the worl",Nationality: Students from Asian countries are eligible Number of Scholarships: Numbers not given,"Amount: 30,000",N/A,Applicants must submit the following documents directly to the foundation.,https://scholarship-positions.com/east-asian-circle-of-applied-technology-graduate-scholarship-in-japan/2017/12/19/,Scholarship Positions,https://scholarship-positions.com/category/sri-lanka-scholarships/,83.33,2025-11-23T16:23:24.878557
"South Asian Scholarships at Edinburgh Napier University in UK, 2019",General,Sri Lanka,"The Edinburgh Napier University is offering partial scholarships for self-funding students from Afghanistan, India, Pakistan, Bangladesh, Nepal or Sri Lanka. Scholarships are awarded to study a bachelor, masters or PhD course in September 2018 or January 2019. The University has partial scholarships for self-funding students from Afghanistan, India, Pakistan, Bangladesh, Nepal or Sri Lanka. Edinburgh Napier University is a public university in Edinburgh, Scotland. Napier Technical College, the p","Number of Scholarships: Not given Scholarship can be taken in the UK Eligibility for the Scholarship: Eligible Countries: Students from Afghanistan, India, Pakistan, Bangladesh, Nepal or Sri Lanka En",N/A,N/A,"The scholarships will be awarded on a first-come, first-served basis. You will be automatically cons",https://scholarship-positions.com/south-asian-scholarships-edinburgh-napier-university-uk/2017/12/11/,Scholarship Positions,https://scholarship-positions.com/category/sri-lanka-scholarships/,66.67,2025-11-23T16:23:37.513509
"Kings Scholarship at Asian Institute of Technology in Thailand, 2018",Need-Based,Unknown,"The Asian Institute of Technology is offering Kings Scholarship for students of diverse background from all countries in Asia to study. The scholarship is available for pursuing Masters programme. The aim of the scholarship is to provide financial help to the Thailand and other Asian countries students. The Asian Institute of Technology promotes technological change and sustainable development in the Asian-Pacific region through higher education, research and outreach.","Number of Scholarships: Not given Scholarship can be taken in Thailand Eligibility for the Scholarship: Eligible Countries: Thailand Afghanistan, Armenia, Azerbaijan, Bahrain, Bangladesh, Bhutan, B",N/A,N/A,for this scholarship.,https://scholarship-positions.com/kings-scholarship/2017/11/23/,Scholarship Positions,https://scholarship-positions.com/category/sri-lanka-scholarships/,66.67,2025-11-23T16:23:49.756457
"International Undergraduate Scholarship at Edith Cowan University in Australia, 2023",General,International,Edith Cowan University is offering International Undergraduate Scholarships for high-potential students in Australia. The scholarship offers a 20% reduction in tuition fees for the duration of the course at ECU. This program is open for commencing international students who are from selected countries and want to apply for abachelor degree programat ECU in 2023. Summary,"Application Deadline: Mar 3rd, 2023 Brief Description University or Organization: Edith Cowan University Department: NA Course Level: Undergraduate degree program Award: 20% reduction in tuition fees",Award: 20,N/A,for a bachelor degree program at ECU in 2023.,https://scholarship-positions.com/international-undergraduate-scholarship-edith-cowan-university-australia/2017/11/16/,Scholarship Positions,https://scholarship-positions.com/category/sri-lanka-scholarships/,83.33,2025-11-23T16:24:07.227641
"UCalgary 50th Anniversary International Undergraduate and Graduate Scholarships in Canada, 2018",Need-Based,International,The 50th Anniversary International Undergraduate and Graduate Scholarships are now open to highly talented prospective students to pursue four-year degree programmes. The scholarship money will be awarded to exceptional students from 25 designated countries. The aim of these scholarships is to provide financial help to awarded to exceptional undergraduate and graduate students from 25 designated countries. Summary,"Scholarship can be taken in the Canada Eligibility for the Scholarship: Eligible Countries: List of designated countries (not in any priority order) China (Country of Emphasis), United States (Count",N/A,N/A,Undergraduate Application Process:,https://scholarship-positions.com/ucalgary-50th-anniversary-international-undergraduate-graduate-scholarships-canada/2017/11/07/,Scholarship Positions,https://scholarship-positions.com/category/sri-lanka-scholarships/,66.67,2025-11-23T16:24:22.125679
"NSF-NSFC Joint Research Fellowship, 2017",General,Sri Lanka,"National Science Foundation (NSF) and National Natural Science Foundation, China (NSFC) is delighted to offer its Joint Research Fellowship. The fellowship is available to pursue research programme. The aim of the fellowship is focusing on strengthening bilateral scientific cooperation; NSF and NSFC are calling for proposals on joint research and development from research groups involving members from both countries. The National Science Foundation of Sri Lanka (NSF) was established in 1998 as t","Scholarship can be taken in Sri Lanka, China Eligibility: The following criteria must be met in order for applicants to be eligible for the scholarship: The Principal Investigator (PI) of the Sri Lan",N/A,N/A,for the fellowship.,https://scholarship-positions.com/nsf-nsfc-joint-research-fellowship/2017/10/04/,Scholarship Positions,https://scholarship-positions.com/category/sri-lanka-scholarships/,66.67,2025-11-23T16:24:36.683911
"Graduate School of Humanities and Social Sciences (GSHSS) International Scholarships in Australia, 2021",Merit-Based,Sri Lanka,"­The Graduate School of Humanities and Social Sciences at the University of Melbourne is offering an international scholarship to applicants from India, Japan, South Korea, Sri Lanka, Myanmar, Vietnam, and Thailand only. The Graduate School of Humanities and Social Sciences (GSHSS) International scholarship is given to a select group of high-ranking international students in recognition of their excellent academic results. The University of Melbourne aims to assist international students who req",Number of Scholarships: Not Known Scholarship can be taken in Australia Eligibility The following criteria must be met in order for applicants to be eligible for the scholarship: Nationality: The awa,N/A,N/A,by the published date and have received an unconditional offer to a graduate program at the GSHSS to,https://scholarship-positions.com/graduate-school-humanities-social-sciences-gshss-international-scholarship-australia/2017/09/28/,Scholarship Positions,https://scholarship-positions.com/category/sri-lanka-scholarships/,66.67,2025-11-23T16:24:50.356404
"Master and Short Term Executive Training Programme Under JISPA in Japan, 2017",Government,International,"Master and Short Term Executive Training Programme are open for Asian students. These awards are funded by the government of Japan and administered by the International Monetary Fund (IMF). The aim of the program is to support excellent applicants of Asia. The government of Japan, administered by the International Monetary Fund (IMF) objective is to contribute to institutional capacity building in economic policymaking to promote the sustainable growth of emerging and developing economies in Asi",Number of Scholarships: Not known Scholarship can be taken in Japan Eligibility: Applicants must meet the following eligibility requirements: Applicants must be nationals of Asia Nationality: Asian,N/A,N/A,Applicants can apply via email.,https://scholarship-positions.com/master-short-term-executive-training-progamme-jispa-japan/2017/09/23/,Scholarship Positions,https://scholarship-positions.com/category/sri-lanka-scholarships/,66.67,2025-11-23T16:25:03.022481
"Fully Funded Master Scholarships at KDI School of Public Policy & Management in Korea, 2018",Need-Based,Unknown,Colombo Plan Secretariat and KDI School are delighted to offer Master’s Programs under Colombo Plan Secretariat and KDI School Scholarship for 12 months in Korea. The scholarship is awarded to students from Colombo Plan member countries. The KDI School offers PhD in Public Policy degree and PhD in Development Policy degree. The goal of the PhD program is to prepare qualified candidates to produce cutting-edge research in their chosen field and to equip them with the skills they need to ascend to,College Admission Requirement Entrance Requirements: Students must have a bachelor’s degree holder from an accredited college or university (min,N/A,N/A,Kindly submit the documents as per KDI’s requirements. The candidates are required to apply online a,https://scholarship-positions.com/fully-funded-master-scholarships-kdi-school-public-policy-management-korea/2017/09/22/,Scholarship Positions,https://scholarship-positions.com/category/sri-lanka-scholarships/,66.67,2025-11-23T16:25:15.589255
"LUMS Fully-Funded MBA Scholarships for International Students in Pakistan, 2020",Merit-Based,International,"The Lahore University of Management Sciences is now accepting applications for Fully-Funded MBA Scholarships for International Students in Pakistan. The scholarship provides 100% refund of GRE/GMAT fee to all admitted students. The Masters of Business Administration (MBA) programme at the Suleman Dawood School of Business (SDSB) at LUMS provides an intense and demanding academic experience, involving two years of full-time study. The programme aims at developing global business leaders – individ",It offers: Admission Fee Registration fee Tuition Fee Hostel Accommodation Hostel Registration Summer Orientation Programme Reading Material Number of Scholarships: Not Known Scholarship can be take,N/A,N/A,through the LUMS International Student Programme.,https://scholarship-positions.com/lums-fully-funded-mba-scholarships-international-students-pakistan/2017/09/16/,Scholarship Positions,https://scholarship-positions.com/category/sri-lanka-scholarships/,66.67,2025-11-23T16:25:30.776433
"NEH Senior Research Fellowship Program in Humanities, 2023",General,International,"The Council of American Overseas Research Centers (CAORC) is now accepting applications for NEH Senior Research Fellowship Program in the humanities. The US, as well as foreign nationals, are eligible to apply for this fellowship program. The Council of American Overseas Research Centers (CAORC) is a private not-for-profit federation of independent overseas research centers that promote advanced research. NEH Senior Research Fellowship Program in Humanities, 2023","The US, as well as foreign nationals, are eligible to apply for this fellowship program",Rs. 500,N/A,for this fellowship program.,https://scholarship-positions.com/caorc-neh-senior-research-fellowship-program-for-foreign-students/2017/09/07/,Scholarship Positions,https://scholarship-positions.com/category/sri-lanka-scholarships/,83.33,2025-11-23T16:25:45.614228
"Shahid Hussain Foundation Scholarships for International Students in Pakistan, 2020",Talent-Based,International,"The Lahore University of Management Sciences is now accepting applications for Shahid Hussain Foundation Scholarships for international students in Pakistan. These scholarships are available for international undergraduate students for Fall 2020 admissions. The LUMS aims to increase induction of international students. The Shahid Hussain Foundation scholarships, established recently, will help LUMS to achieve its goals of reaching out to bright, international talent. Summary","Number of Scholarships: Not Known Scholarship can be taken in Pakistan Eligibility In order to be eligible for the scholarship, applicant Must meet the minimum academic criteria for admission; The a",N/A,N/A,"To avail this scholarship, applicants are required to apply to LUMS through the LUMS Online Admissi",https://scholarship-positions.com/lums-international-students-scholarship-undergraduates-pakistan/2017/09/05/,Scholarship Positions,https://scholarship-positions.com/category/sri-lanka-scholarships/,66.67,2025-11-23T16:25:58.401793
"President Asia Scholarship at Academia Higher Education Colleges in Slovenia, 2017",Merit-Based,International,Applications are invited from suitably qualified candidates for President’s Asia Scholarship. These scholarships are available to pursue undergraduate degree in Mechanical Engineering The main purpose of the scholarships is to support Asian international students to complete a Mechanical Engineering Diploma programme at Academic Higher Education Colleges. Summary,Scholarship can be taken in Slovenia Eligibility: Applicants must meet the following eligibility requirements: Top International student from Asia Studying an equivalent to Slovenian Year 12 or IB in,N/A,N/A,Application is made to the International Admissions Office.,https://scholarship-positions.com/presidents-asia-scholarship-academia-higher-education-colleges-slovenia/2017/09/04/,Scholarship Positions,https://scholarship-positions.com/category/sri-lanka-scholarships/,66.67,2025-11-23T16:26:11.136447
"Japanese Grant for Sri Lankan Students, 2018",Grant/Bursary,Sri Lanka,The Japan International Cooperation Center (JICE) is delighted to offer its Japanese Grant to pursue the doctoral degree program. The grant is available for Sri Lankan Students. The grant aims at fostering future leaders who have well-understanding of Japan and are capable of decision making and policy analysis/ assessment with broad perspectives based on their advanced knowledge and expertise. Summary,Brief Description University or Organization: The Japan International Cooperation Center Department: NA Course Level: Doctoral degree program Award: Varies Access Mode: Online Number of Awards: NA Nat,N/A,N/A,for the grant,https://scholarship-positions.com/japanese-grant-sri-lankan-students/2017/08/29/,Scholarship Positions,https://scholarship-positions.com/category/sri-lanka-scholarships/,66.67,2025-11-23T16:26:23.666563
"Embassy Recommendation Scholarship Programme for Sri Lankan Students, 2017",Merit-Based,Sri Lanka,The Korea Advanced Institute of Science and Technology is proud to offer the Embassy Recommendation Scholarship Programme for Sri Lankan students. These scholarships are available to pursue graduate and undergraduate program. The aim of the scholarships is to assist people to pursue further levels of academic study. These scholarships are awarded in the fields offered by the university. Summary,Brief Description University or Organization: The Korea Advanced Institute of Science and Technology Department: NA Course Level: Graduate and Undergraduate program Award: Varies Access Mode: Online N,N/A,N/A,for those opportunities to obtain a letter of recommendation from the Sri Lanka Embassy in the Repub,https://scholarship-positions.com/embassy-recommendation-scholarship-programme-sri-lankan-students/2017/08/29/,Scholarship Positions,https://scholarship-positions.com/category/sri-lanka-scholarships/,66.67,2025-11-23T16:26:37.048421
"International Student Scholarships at Le Cordon Bleu in New Zealand, 2017",Need-Based,Sri Lanka,"The Le Cordon Bleu is now accepting applications for International Student Scholarships allowing them to pursue their culinary dreams. International students who are citizens of the following countries: India, Afghanistan, Bangladesh, Bhutan, Maldives, Nepal, Pakistan, Sri Lanka, and some Middle East countries are welcome to apply. The aim of the scholarship is to provide the financial help you international students to pursue Diploma and Bachelors program. Summary",Brief Description University or Organization: The Le Cordon Bleu Department: NA Course Level: Bachelors program Award: Tuition Fees Access Mode: Online Number of Awards: NA Nationality: International,Rs. 7410,N/A,"How to Apply: To apply, applicants need to the completed enrollment form, and send your application",https://scholarship-positions.com/international-student-scholarships-le-cordon-bleu-in-new-zealand/2017/08/14/,Scholarship Positions,https://scholarship-positions.com/category/sri-lanka-scholarships/,83.33,2025-11-23T16:26:49.603225
"Deakin University’s STEM International Scholarships in Australia, 2023",General,International,"Do you want to study in Australia? Then you can apply for theSTEMScholarships for international students from selected nationalities at Deakin University. These scholarships are open to students applying forundergraduateandpostgraduatecoursework degrees in Science, Technology, Engineering and Mathematics. Summary",How to Apply How to Apply: All students who apply for eligible courses will be automatically assessed for the scholarship and will be advised of the outcome,Award: 20,N/A,for the STEM Scholarships for international students from selected nationalities at Deakin Universit,https://scholarship-positions.com/deakin-universitys-stem-scholarships-australia/2017/07/15/,Scholarship Positions,https://scholarship-positions.com/category/sri-lanka-scholarships/,83.33,2025-11-23T16:27:02.323062
"AsiDisi Media Scholarships for Sri Lankan Journalists, 2017",Need-Based,Sri Lanka,Ministry of Finance and Mass Media is inviting Sri Lankan journalists to apply for ‘AsiDisi Media Scholarship Program – 2017’. Scholarships will provide financial assistance for the training courses of journalists. The objective of the scholarship is to upgrade the professionalism of Sri Lankan journalists. Scholarships are available for the training courses of journalists. Scholarships are awarded in the field of journalism. Summary,Should be between 18 – 55 years of age Should possess Media Accreditation issued by the Department of Government Information Sri Lankan journalists are eligible to apply,Award: 50,N/A,for ‘AsiDisi Media Scholarship Program – 2017’. Scholarships will provide financial assistance for,https://scholarship-positions.com/asidisi-media-scholarships-sri-lankan-journalists/2017/07/03/,Scholarship Positions,https://scholarship-positions.com/category/sri-lanka-scholarships/,83.33,2025-11-23T16:27:15.017528
"Bachelor and Master Scholarships for International Students at FPT University in Vietnam, 2017",Talent-Based,International,FPT University is delighted to announce the availability of 5100 Scholarships for International Students. These are available on the basis of potential to apply for bachelor and master program. The aim of the FPT program is to enable and encourage talented candidates to reach international programs in FPT University Vietnam. Summary,Admission Requirements: To apply for the program applicants must be high school graduate,N/A,N/A,for bachelor and master program.,https://scholarship-positions.com/bachelor-master-scholarships-international-students-fpt-university-vietnam/2017/07/01/,Scholarship Positions,https://scholarship-positions.com/category/sri-lanka-scholarships/,66.67,2025-11-23T16:27:27.489731
"Malaria Consortium Entomology Scholarships for International Students, 2017",General,International,Malaria Consortium in partnership with the Mahidol University is pleased to offer the Entomology Scholarship for international students. This scholarship is available to pursue a two-year Masters’ programme in tropical medicine specialised in medical entomology starting in August 2017. The aim of this scholarship is to support public health entomologist students to help move South and Southeast Asia forward on the path to malaria elimination. Summary,"Number of Scholarships: Not Known Scholarship can be taken in Thailand Eligibility To be eligible for the Scholarship, an applicant must: Applicants must have successfully completed a Bachelor’s deg",N/A,N/A,for the scholarship.,https://scholarship-positions.com/malaria-consortium-entomology-scholarship-international-students/2017/06/24/,Scholarship Positions,https://scholarship-positions.com/category/sri-lanka-scholarships/,66.67,2025-11-23T16:27:41.267261
"Joint NAM S&T Centre – ZMT Research Fellowships in Germany, 2017",General,Unknown,NAM S&T Centre – ZMT Research Fellowships enable promising leaders to pursue research in Germany. These fellowships are available for applicants from developing countries in the field of Tropical Coastal Marine Research. The aim of the fellowships is to promote the fullest possible and mutually beneficial collaboration among scientists and technologists and scientific organizations from non-aligned and other developing countries The Centre for Science and Technology of the Non-aligned and Other,College Admission Requirement Entrance Requirement: Applicants must have a master or an equivalent degree,N/A,N/A,for these fellowships.,https://scholarship-positions.com/joint-nam-st-centre-zmt-research-fellowship-germany/2017/06/13/,Scholarship Positions,https://scholarship-positions.com/category/sri-lanka-scholarships/,66.67,2025-11-23T16:27:53.954381
"JICA Scholarships for Asian Students at Japanese Universities, 2017",General,International,The Japan International Cooperation Agency (JICA) is offering scholarships for students who are studying at ‘partner schools’ in Asian countries. Selected students will come to Japan in around September 2017 to commence master’s or doctor’s programme at participating Japanese Universities. This initiative aims to enhance the circulation of competent human resources between Japan and Asian countries and to promote innovation in the whole Asia. The Japan International Cooperation Agency (JICA) is,"Scholarship can be taken in Japan Eligibility:Applicants must meet the following area for these scholarships: Under 40 years of age (as of September 1st, 2017) Bachelor’s degree (as of September 1st,",N/A,N/A,Each applicant is required to submit the necessary documents by the deadline set by Japanese Univers,https://scholarship-positions.com/jica-scholarships-for-asian-students-japanese-universities/2017/04/22/,Scholarship Positions,https://scholarship-positions.com/category/sri-lanka-scholarships/,66.67,2025-11-23T16:28:07.538729
"10 Fully-Funded Global Health Scholarships at University of Edinburgh in UK, 2017",General,Unknown,"The University of Edinburgh is offering 10 fully funded scholarships for the citizens of developing commonwealth countries. Scholarships are awarded across six online master programmes within the domain of Global Health. The aim of Global Health Academy is to improve global health and make life better for collaborative, interdisciplinary research, education and resource development. The University of Edinburgh, founded in 1582, is the sixth oldest university in the English-speaking world and one",Scholarship can be taken in the UK Eligibility: The scholarships will be awarded to a candidate who is accepted for admission onto an eligible programme and who is a citizen of and resident in one of,N/A,N/A,Applicants who are eligible for these scholarships should apply for one of the six eligible programm,https://scholarship-positions.com/fully-funded-global-health-scholarships-university-of-edinburgh-uk/2017/04/19/,Scholarship Positions,https://scholarship-positions.com/category/sri-lanka-scholarships/,66.67,2025-11-23T16:28:20.344987
"University of York Commonwealth Distance Learning Scholarships in UK, 2020",General,International,"The University of York is providing the Commonwealth Distance Learning Scholarships for international students in the UK. The program is open for students who are a citizen of a developing Commonwealth country, refugee, or British protected person. This award is available to study the master’s degree program at the university. Summary",Language: English Eligibility Eligible Countries: Students from following developing Commonwealth countries can apply for the program,N/A,13 April 2020,"for the program. List of Countries: Anguilla, Antigua and Barbuda, Bangladesh, Barbados, Belize, Ber",https://scholarship-positions.com/university-york-commonwealth-distance-learning-scholarships-uk/2017/03/28/,Scholarship Positions,https://scholarship-positions.com/category/sri-lanka-scholarships/,83.33,2025-11-23T16:28:33.973750
"SAARC Agriculture Center PhD Scholarship in Bangladesh, 2017",Merit-Based,Unknown,"SAARC Agriculture Centre (SAC) is inviting applications from potential candidates fromdeveloping countrieswho have an interest in PhD study on this particular area. The Scholarship is available to pursue their PhD degree programs in reputed agricultural universities in SAARC Region. SAARC promote new and innovative techniques and systems in agriculture, including production, post-harvest and food processing. SAARC enhance the performances of scientists, technologists, etc. through support in re",Entrance Requirement: Applicants must have a postgraduate degree (MSc/ MS/ MPhil) in agriculture or allied sciences,N/A,N/A,for the scholarship.,https://scholarship-positions.com/saarc-agriculture-center-phd-scholarship-bangladesh/2017/03/18/,Scholarship Positions,https://scholarship-positions.com/category/sri-lanka-scholarships/,66.67,2025-11-23T16:28:46.911506
"Korea National University of Arts Scholarships for Asian Students, 2017",Talent-Based,International,The Korea National University of Arts is inviting applications for Art Major Asian (AMA) Scholarships. Scholarships are available to conduct advanced studies (bachelor’s and master’s degrees) at the University. The objective of the Art Major Asian (AMA) Scholarship Program is to provide Asian students with artistic talent to conduct advanced studies and ability in Korea National University of Arts in order to promote international exchanges in education and mutual friendship between the countrie,"Study Subject: Scholarships are awarded to eligible undergraduate and graduate programmes available in the following Schools: School of Music, School of Drama, School of Film, TV and Multimedia, Schoo",N/A,N/A,for the master’s program must hold a Bachelor’s degree or a diploma that is equivalent to or higher,https://scholarship-positions.com/korea-national-university-arts-scholarship/2017/03/18/,Scholarship Positions,https://scholarship-positions.com/category/sri-lanka-scholarships/,66.67,2025-11-23T16:29:00.483110
"New Zealand Commonwealth Postgraduate Scholarships for Sri Lankan Students, 2017",General,Sri Lanka,"Ministry of Foreign Affairs and Trade (MFAT), New Zealand is now accepting Sri Lanka applications for its Commonwealth Postgraduate Scholarships2017.These scholarships are open to Sri Lanka students for pursuing PhD or masters degree programme. The aim of the scholarship is to provide opportunities to Sri Lankans to pursue advanced courses of study and to undertake research. The Ministry of Foreign Affairs and Trade (MFAT) is the public service department of New Zealand. The ministry represents","Not be married or engaged to be married to a person who holds, or who is eligible to hold, citizenship or permanent residence status of New Zealand, Australia or another developed country, except wher",N/A,N/A,for these scholarships.,https://scholarship-positions.com/new-zealand-commonwealth-postgraduate-scholarships-sri-lankan-students/2017/03/08/,Scholarship Positions,https://scholarship-positions.com/category/sri-lanka-scholarships/,66.67,2025-11-23T16:29:13.285656
"South Asia Foundation Scholarships for International Students at University of Moratuwa in Sri Lanka, 2017",General,Sri Lanka,"The South Asia Foundation (SAF) announces fully paid scholarships at UNESCO Madanjeet Singh Centre for South Asia Water Management (UMCSAWM). Scholarships are available for international students to pursue the one-year (full-time) master degree offered by the Department of Civil Engineering, Faculty of Engineering, University of Moratuwa, Sri Lanka for the 2017/2018 intake. The aim of the course is to provide a specialist training with a firm grounding in the principles, techniques, issues and p",Nationality: Both local and international students are eligible to apply,N/A,N/A,Please submit duly filled-out application forms (Pages 1 ~ 3) with confidential recommendations from,https://scholarship-positions.com/south-asia-foundation-scholarship-international-students-university-moratuwa-sri-lanka/2017/03/02/,Scholarship Positions,https://scholarship-positions.com/category/sri-lanka-scholarships/,66.67,2025-11-23T16:29:26.690597
"Toyohashi University of Technology Scholarships for Asian Students in Japan, 2017",General,Unknown,"The Toyohashi University of Technology is inviting applications for Aichi Scholarship Program. Under this programme, students will enroll in graduate school after six-month research period to study the specialized fields and related subjects that support Aichi’s manufacturing industry. The Toyohashi University of Technology, often abbreviated to Toyohashi Tech, or TUT, is a national engineering university located in Toyohashi, Aichi, Japan. Applicants from outside the home country will often nee","Also, spouses of students currently receiving the scholarship from the Aichi Prefectural Government are not eligible to apply",N/A,N/A,"All application documents must be submitted by email first, then by postal mail.",https://scholarship-positions.com/toyohashi-university-technology-scholarships-asian-students-japan/2017/02/22/,Scholarship Positions,https://scholarship-positions.com/category/sri-lanka-scholarships/,66.67,2025-11-23T16:29:40.167899
"LUMS ADB – Japan Scholarship Program in Pakistan, 2019",Merit-Based,Unknown,"LUMS offers an ADB – Japan Scholarship Program in Pakistan, 2019 for outstanding scholars from the SAARC region. Scholarships are available for pursuing a two-year MBA program at the Suleman Dawood School of Business (SDSB). The Masters of Business Administration (MBA) program at the Suleman Dawood School of Business (SDSB) at LUMS provides an intense and demanding academic experience, involving two years of full-time study. Summary","Number of Scholarships: Not Known Scholarship can be taken in Pakistan Eligibility: In order to be eligible for the scholarship, the applicant Must meet the minimum academic criteria for admission; M",N/A,N/A,through the LUMS International Student Programme.,https://scholarship-positions.com/lums-adb-japan-scholarship-program-in-pakistan-2019/2017/02/03/,Scholarship Positions,https://scholarship-positions.com/category/sri-lanka-scholarships/,66.67,2025-11-23T16:29:53.925481
"Master of Human Rights and Democratisation Scholarships for Asia Pacific Region, 2017-2018",Merit-Based,Unknown,"The Master of Human Rights and Democratization (Asia Pacific) (APMA Program), hosted at Mahidol University’s Institute of Human Rights and Peace Studies (IHRP), is now accepting applications for the 2017-2018 academic year. There will be approximately 20 scholarships available for applicants from the Asia-Pacific region.2017-2018 academic year. There will be approximately 20 scholarships available for applicants from the Asia-Pacific region. The Institute of Human Rights and Peace Studies (IHRP)","Eligibility: In order to be eligible for the APMA applicants must hold a Bachelor’s degree in any field, with a minimum GPA of 2",N/A,N/A,Applicants can be sent via email or by post. All applicants must also include the following document,https://scholarship-positions.com/master-human-rights-democratisation-scholarships-asia-pacific-region/2016/12/30/,Scholarship Positions,https://scholarship-positions.com/category/sri-lanka-scholarships/,66.67,2025-11-23T16:30:09.065595
"Nottingham Trent University International Undergraduate Scholarships in UK, 2024",General,International,If you are looking for an undergraduate course then Nottingham Trent University is a great place to learn. The university is offering undergraduate scholarships forInternationaland European Union (EU) students. These opportunities are available for students who have received an offer to study a full-timeundergraduatecourse in January or September 2024. Summary,"Application Deadline: Wednesday 31 January 2024, 16:00 GMT Wednesday 28 February 2024, 16:00 GMT Wednesday 10 April 2024, 16:00 GMT Wednesday 1 May 2024, 16:00 GMT Wednesday 26 June 2024, 16:00 GMT",N/A,N/A,"How to apply: To be considered for this undergraduate course, candidates need to take admission at t",https://scholarship-positions.com/nottingham-trent-university-international-engineering-scholarships-uk/2016/12/27/,Scholarship Positions,https://scholarship-positions.com/category/sri-lanka-scholarships/,66.67,2025-11-23T16:30:21.887147
"British Council IELTS Scholarships in Sri Lanka, 2019",General,Sri Lanka,The British Council is offering IELTS scholarships for Sri Lankan students. These are available for pursuingundergraduate and postgraduate programs to study abroad. This is a program aimed at IELTS candidates of the British Council hoping to study abroad. The candidate must have an IELTS overall band score of 6 or above to be eligible to apply. Summary,The candidate must have an IELTS overall band score of 6 or above to be eligible to apply,N/A,N/A,for these scholarships.,https://scholarship-positions.com/british-council-ielts-scholarships-in-sri-lanka/2016/12/26/,Scholarship Positions,https://scholarship-positions.com/category/sri-lanka-scholarships/,66.67,2025-11-23T16:30:37.238925
"University of Sheffield International Undergraduate Scholarships in UK, 2023",Merit-Based,International,"The University of Sheffield is pleased to announce the International MeritUndergraduatescholarships for brilliant candidates in the UK. The scholarships will be awarded on the basis of academic merit and the supporting statement. TheUniversity of Sheffieldis a public research university in Sheffield, South Yorkshire, England. It received its royal charter in 1905 as the successor to the University College of Sheffield, which was established in 1897 by the merger of Sheffield Medical School, Firt",All undergraduate degree courses are eligible with the exceptions of Medicine (A100/A101) and Dentistry (A200),N/A,N/A,You have to enroll in the bachelor’s degree coursework at the university.,https://scholarship-positions.com/international-merit-undergraduate-scholarships-university-sheffield-uk/2016/11/10/,Scholarship Positions,https://scholarship-positions.com/category/sri-lanka-scholarships/,66.67,2025-11-23T16:30:50.578512
"University of Sheffield Scholarships for International Students in UK, 2020",Merit-Based,International,"The University of Sheffield is offering International Undergraduate Merit Scholarship for the high-potential applicants. University of Sheffield Scholarships is open to all internationalundergraduatestudents starting their studies in 2020. The University of Sheffield is a public research university in Sheffield, South Yorkshire, England. It received its royal charter in 1905 as the successor to the University College of Sheffield, which was established in 1897 by the merger of SheffieldMedicalSc",All undergraduate degree courses are eligible with the exceptions of Medicine (A100/A101) and Dentistry (A200),N/A,N/A,for undergraduate scholarships.,https://scholarship-positions.com/university-of-sheffield-scholarships/2016/11/05/,Scholarship Positions,https://scholarship-positions.com/category/sri-lanka-scholarships/,66.67,2025-11-23T16:31:03.707039
